,aantal,Colorcode,pdf,beeld
114,165,Margarete | 4251530200521 | 440|1239|750,k_aufkleber_margarete_schwarz_44_45x75.pdf,201960934layout_outline_115.pdf
115,55,Margarete | 4251530200576 | 440|1239|112,k_aufkleber_margarete_ecru_42_45x75.pdf,201960934layout_outline_116.pdf
116,110,Marie | 4057987110013 | 440|1212|112,k_aufkleber_marie_ecru_34_45x75.pdf,201960934layout_outline_117.pdf
117,605,Marie | 4057987027014 | 440|1212|112,k_aufkleber_marie_ecru_36_45x75.pdf,201960934layout_outline_118.pdf
118,1155,Marie | 4057987027021 | 440|1212|112,k_aufkleber_marie_ecru_38_45x75.pdf,201960934layout_outline_119.pdf
119,165,Marie | 4057987027038 | 440|1212|112,k_aufkleber_marie_ecru_40_45x75.pdf,201960934layout_outline_120.pdf
120,110,Marie | 4057987110167 | 440|1212|624,k_aufkleber_marie_ton_34_45x75.pdf,201960934layout_outline_121.pdf
121,660,Marie | 4057987027175 | 440|1212|624,k_aufkleber_marie_ton_36_45x75.pdf,201960934layout_outline_122.pdf
122,1595,Marie | 4057987027182 | 440|1212|624,k_aufkleber_marie_ton_38_45x75.pdf,201960934layout_outline_123.pdf
123,825,Marie | 4057987027199 | 440|1212|624,k_aufkleber_marie_ton_40_45x75.pdf,201960934layout_outline_124.pdf
124,165,Marie | 4057987027205 | 440|1212|624,k_aufkleber_marie_ton_42_45x75.pdf,201960934layout_outline_125.pdf
125,825,Marie | 4057987110310 | 440|1212|750,k_aufkleber_marie_schwarz_34_45x75.pdf,201960934layout_outline_126.pdf
126,2860,Marie | 4057987027335 | 440|1212|750,k_aufkleber_marie_schwarz_36_45x75.pdf,201960934layout_outline_127.pdf
127,3850,Marie | 4057987027342 | 440|1212|750,k_aufkleber_marie_schwarz_38_45x75.pdf,201960934layout_outline_128.pdf
128,1430,Marie | 4057987027359 | 440|1212|750,k_aufkleber_marie_schwarz_40_45x75.pdf,201960934layout_outline_129.pdf
129,825,Marie | 4057987027366 | 440|1212|750,k_aufkleber_marie_schwarz_42_45x75.pdf,201960934layout_outline_130.pdf
130,385,Marie mit Spitzenbund | 4057987111218 | 440|1213|750,k_aufkleber_marie_spitze_schwarz_36_45x75.pdf,201960934layout_outline_131.pdf
131,880,Marie mit Spitzenbund | 4057987111225 | 440|1213|750,k_aufkleber_marie_spitze_schwarz_38_45x75.pdf,201960934layout_outline_132.pdf
132,165,Marie mit Spitzenbund | 4057987111232 | 440|1213|750,k_aufkleber_marie_spitze_schwarz_40_45x75.pdf,201960934layout_outline_133.pdf
